snp,r2,encoding
1.282065226,0.009561300277709961,subadd
3.138606868,0.00910748541355133,superadd
3.137181815,0.008557363413274288,superadd
4.178946041,0.006696006283164024,subadd
4.181299833,0.006498804781585932,superadd
10.84906124,0.006411971058696508,pager
9.64859459,0.005893224384635687,superadd
18.26900965,0.005742856301367283,dominant
1.106916147,0.0056326547637581825,pager
19.24321261,0.005267929285764694,pager
4.182700440,0.004917004145681858,subadd
4.178674833,0.004857851192355156,subadd
20.23860269,0.0044378479942679405,superadd
2.122553330,0.004390511196106672,subadd
18.26640423,0.004166897851973772,superadd
17.69410146,0.004063168540596962,heterosis
1.281432568,0.00392468087375164,superadd
18.19715963,0.0038816845044493675,subadd
4.183669291,0.003834462957456708,subadd
17.68785631,0.003797227283939719,heterosis
5.111946685,0.0037275226786732674,dominant
10.99725202,0.0036718465853482485,recessive
16.79462142,0.0036374800838530064,pager
16.78351078,0.003589626867324114,heterosis
10.92490894,0.0035776535514742136,pager
7.2668574,0.0035305353812873363,subadd
7.62243157,0.0035302385222166777,subadd
13.91851001,0.0035046543926000595,pager
1.53268200,0.0034639774821698666,pager
7.2942317,0.003378199180588126,superadd
5.72916242,0.003212942508980632,subadd
3.29382824,0.0031855173874646425,dominant
7.122665574,0.0031690753530710936,pager
15.56167925,0.0031405966728925705,heterosis
14.71102647,0.0031345144379884005,dominant
16.74842312,0.003133148653432727,dominant
9.71715296,0.003129541175439954,subadd
9.59293718,0.0031007621437311172,heterosis
17.35778761,0.003094390267506242,superadd
4.181539425,0.0030777007341384888,superadd
17.34228571,0.003067720914259553,pager
10.92680899,0.0030555136036127806,superadd
9.16575825,0.0030388005543500185,superadd
2.39943710,0.003028349718078971,dominant
19.31833662,0.0030232020653784275,pager
5.27670655,0.003015743102878332,recessive
13.74986433,0.0030110671650618315,pager
5.29641090,0.00298761366866529,subadd
2.48769108,0.002987041836604476,heterosis
7.96156012,0.002981826663017273,subadd
5.31153395,0.002956731477752328,subadd
11.29810756,0.002945078769698739,subadd
13.65684190,0.002918546786531806,superadd
16.50740003,0.0028975349850952625,dominant
12.5617106,0.002880668267607689,subadd
6.61955784,0.002857946790754795,underdominant
11.30185777,0.0028260345570743084,subadd
6.42098832,0.0028214547783136368,subadd
16.72547566,0.002803295850753784,pager
6.63254194,0.0028004588093608618,recessive
14.4318204,0.002726186066865921,pager
9.112372720,0.002696429146453738,subadd
2.124733504,0.0026890388689935207,dominant
8.25601279,0.0026778136380016804,superadd
18.72630790,0.0026770620606839657,pager
8.14826211,0.0026761351618915796,subadd
7.55813116,0.002656118478626013,recessive
19.21572983,0.0026406440883874893,superadd
7.102641952,0.0026295012794435024,pager
18.73286690,0.0026248653884977102,subadd
10.83360777,0.0026164227165281773,superadd
3.28754729,0.0026125372387468815,superadd
11.71465216,0.0026061180979013443,recessive
8.26508373,0.002577269682660699,superadd
3.136993868,0.002560623688623309,pager
4.183914975,0.0025472589768469334,subadd
19.48634312,0.002516590990126133,superadd
16.55000212,0.002490387996658683,pager
1.268409323,0.0024764612317085266,underdominant
7.98105408,0.002457918832078576,pager
20.23499539,0.002440286800265312,subadd
10.22084138,0.002388356253504753,superadd
5.78864591,0.002376166870817542,heterosis
9.61212507,0.0023608405608683825,pager
6.137745191,0.002341753337532282,recessive
18.13351272,0.002316390862688422,dominant
7.88640324,0.002309264149516821,dominant
5.50219775,0.002301262691617012,underdominant
7.8599340,0.002295042620971799,dominant
5.28849208,0.0022804299369454384,superadd
8.33678054,0.002236119005829096,superadd
5.27294622,0.002229897305369377,recessive
10.97539979,0.002228950150310993,superadd
7.80264156,0.002220931462943554,recessive
10.36079626,0.002220161259174347,heterosis
16.90539102,0.0022076042369008064,subadd
15.85227752,0.00219339644536376,pager
9.2506109,0.0021600276231765747,superadd
8.45939454,0.002142990007996559,superadd
3.5371526,0.00211943406611681,superadd
17.56706879,0.002118475502356887,subadd
10.90140715,0.0021157197188585997,dominant
9.17922705,0.002108161337673664,dominant
16.50185340,0.0021056034602224827,superadd
3.174623225,0.002091709990054369,subadd
3.135485003,0.0020910261664539576,subadd
15.85939870,0.0020391596481204033,recessive
2.121449121,0.0020348213147372007,recessive
16.1993983,0.002031245967373252,recessive
11.75584469,0.0019833745900541544,heterosis
1.105991608,0.0019730511121451855,subadd
10.102826607,0.0019484779331833124,heterosis
5.3782123,0.0019391573732718825,recessive
6.38275520,0.0019331448711454868,superadd
1.243239020,0.0019285628804937005,dominant
20.35101983,0.0019275177037343383,underdominant
4.100140344,0.0019009695388376713,pager
6.137334628,0.0018787207081913948,recessive
1.52859025,0.0018598111346364021,superadd
3.172327900,0.0018488910282030702,pager
3.14850021,0.0018390751210972667,pager
10.101790932,0.0018389798933640122,subadd
16.77597586,0.001827047672122717,subadd
14.113119027,0.001825924264267087,subadd
9.105664896,0.0018031671643257141,recessive
9.60849696,0.001802092301659286,pager
9.63189120,0.0017971834167838097,superadd
11.82080179,0.0017790361307561398,pager
1.45899701,0.0017736904555931687,dominant
4.157911620,0.0017714417772367597,pager
17.80608228,0.001769372378475964,superadd
4.169042422,0.00175654876511544,heterosis
17.82053419,0.0017474857158958912,recessive
12.47727415,0.0017412803135812283,pager
18.20430500,0.0017378769116476178,pager
7.140582872,0.001736935111694038,pager
6.50831336,0.0017320089973509312,subadd
16.50551154,0.0017300238832831383,superadd
20.29126992,0.0017284603090956807,superadd
10.20827329,0.001724939327687025,recessive
4.174242162,0.0017132326029241085,superadd
18.31865608,0.0017079412937164307,subadd
8.52807869,0.001696137129329145,pager
15.93389921,0.0016957849729806185,subadd
9.49223979,0.0016810997622087598,underdominant
1.168869512,0.0016796663403511047,superadd
3.7767625,0.0016794891562312841,superadd
12.28785183,0.0016749282367527485,dominant
2.245498474,0.0016683408757671714,pager
8.65445283,0.0016663296846672893,recessive
2.25279285,0.0016484508523717523,dominant
10.92029873,0.0016415856080129743,recessive
18.32753070,0.0016399024752900004,pager
19.19391462,0.0016218338860198855,pager
1.177927266,0.001620363094843924,superadd
1.214790812,0.0016189247835427523,dominant
1.197979936,0.0016137966886162758,dominant
15.66969078,0.0016038526082411408,pager
17.82742233,0.0015977936564013362,subadd
18.57799142,0.0015763848787173629,heterosis
18.30139597,0.0015660205390304327,pager
18.33166492,0.001543393824249506,pager
18.73987239,0.0015397758688777685,pager
15.59619241,0.0015396865783259273,underdominant
7.84719150,0.0015262772794812918,underdominant
6.75050017,0.0015155896544456482,superadd
4.64476120,0.0015129984822124243,pager
15.32549726,0.00148869922850281,pager
18.32055505,0.0014858335489407182,subadd
7.64258045,0.0014768539695069194,dominant
3.135302267,0.0014627858763560653,superadd
3.55007198,0.001460170722566545,subadd
7.69254374,0.0014534717192873359,subadd
5.172181148,0.0014459815574809909,dominant
7.12050692,0.0014326160307973623,subadd
4.144825385,0.001430050004273653,dominant
9.56019227,0.00142840133048594,pager
16.70260869,0.0014202469028532505,superadd
13.54929601,0.0014198196586221457,subadd
6.145906240,0.001407245872542262,dominant
4.15148323,0.001401175162754953,recessive
12.46931362,0.0013956418260931969,recessive
6.52197530,0.0013939024647697806,superadd
14.28744911,0.0013766441261395812,heterosis
12.6818740,0.00137657904997468,subadd
12.21087713,0.0013745127944275737,dominant
19.49548429,0.001365223666653037,pager
13.66807449,0.0013597445795312524,underdominant
16.53358360,0.0013577700592577457,heterosis
19.32405790,0.001355835935100913,recessive
5.114065272,0.0013541844673454762,subadd
8.120634670,0.0013533021556213498,heterosis
2.121095894,0.001350942999124527,dominant
19.19806961,0.0013274623779579997,superadd
5.154240542,0.0013195251813158393,pager
7.112094281,0.0013148750877007842,heterosis
15.47572501,0.0013139909133315086,dominant
17.31330189,0.0013064073864370584,dominant
18.34459880,0.0013061604695394635,pager
11.90160011,0.0013051113346591592,recessive
12.47110297,0.0013036975869908929,recessive
17.57109221,0.0012894674437120557,recessive
2.266265474,0.0012779325479641557,recessive
7.10357342,0.0012665297836065292,subadd
17.81071113,0.0012638564221560955,subadd
12.46353840,0.0012538908049464226,recessive
7.29686564,0.0012527189683169127,heterosis
19.22709773,0.0012480247532948852,dominant
17.30198903,0.0012423685984686017,underdominant
4.100826982,0.001237598480656743,superadd
1.187026945,0.001232926151715219,subadd
18.14566144,0.001229122164659202,recessive
17.32521739,0.0012291104067116976,superadd
18.79645222,0.0012251645093783736,subadd
1.135967916,0.0012130732648074627,superadd
1.93485053,0.0012106869835406542,underdominant
2.52773052,0.0012083894107490778,subadd
8.126139326,0.0012005167081952095,dominant
14.6674077,0.0011799909407272935,subadd
19.9079688,0.0011792872101068497,pager
11.88324871,0.0011717545567080379,recessive
17.31525680,0.0011704887729138136,superadd
19.31262026,0.0011583337327465415,dominant
7.11693612,0.0011581637663766742,subadd
17.60363071,0.001153120188973844,superadd
10.37694944,0.001149380928836763,subadd
4.89765426,0.0011480421526357532,heterosis
14.2580928,0.0011475818464532495,heterosis
1.240129313,0.0011472728801891208,heterosis
5.41165298,0.001132176024839282,dominant
14.44248868,0.001120908884331584,superadd
13.106513543,0.001120234839618206,superadd
2.117435075,0.0011182368034496903,dominant
14.42706649,0.0011176123516634107,heterosis
16.75583903,0.0011143817100673914,superadd
11.26994191,0.001111637451685965,superadd
4.113356452,0.00110445951577276,underdominant
2.181923799,0.0010988779831677675,superadd
14.7566374,0.0010975007899105549,underdominant
5.89306287,0.001097122672945261,pager
7.90919570,0.0010958531638607383,pager
7.44236651,0.0010918104089796543,underdominant
6.89931925,0.0010895330924540758,underdominant
9.112645443,0.0010872496059164405,underdominant
4.90509512,0.001080976682715118,heterosis
1.255624806,0.0010792005341500044,underdominant
17.27208086,0.0010641711996868253,underdominant
15.2994973,0.0010632341727614403,superadd
1.202785513,0.0010596939828246832,subadd
8.30627968,0.001059550209902227,superadd
18.1692067,0.0010539452778175473,underdominant
5.161479695,0.0010488824918866158,heterosis
5.84238816,0.001047768397256732,superadd
2.11737186,0.0010476072784513235,recessive
3.32439873,0.0010475895833224058,dominant
4.14392707,0.001046065124683082,dominant
16.76121945,0.0010430505499243736,pager
5.65472333,0.0010401569306850433,pager
11.21877984,0.0010348722571507096,heterosis
3.84156286,0.0010335397673770785,pager
10.41164288,0.0010333742247894406,heterosis
20.29909583,0.0010130791924893856,pager
7.77573204,0.0010129985166713595,subadd
15.27478576,0.0010119287762790918,heterosis
13.95936691,0.0010096003534272313,pager
18.72193469,0.0010088852141052485,heterosis
18.51206586,0.0010054607409983873,heterosis
5.88017256,0.000993069144897163,pager
12.47986237,0.0009903783211484551,underdominant
15.57432810,0.0009807533351704478,recessive
1.134274504,0.0009700200171209872,underdominant
19.8876952,0.000969896384049207,dominant
8.73546217,0.0009677776833996177,subadd
2.106023622,0.0009647496626712382,underdominant
19.31447863,0.0009580415207892656,underdominant
1.256381581,0.000952801201492548,underdominant
17.17215522,0.0009519782033748925,subadd
19.32225235,0.0009504866320639849,dominant
1.50560752,0.0009492856333963573,heterosis
8.112431515,0.0009457902051508427,pager
17.13837358,0.0009365280857309699,superadd
15.58717878,0.0009324587299488485,pager
4.132130722,0.0009319481905549765,subadd
7.91748716,0.0009280272643081844,pager
8.80974179,0.0009269564761780202,underdominant
5.87817884,0.0009228104026988149,heterosis
9.46380710,0.0009228076669387519,superadd
15.104625908,0.0009185773669742048,recessive
9.54784025,0.0009175947052426636,dominant
4.114553984,0.0009168369579128921,subadd
14.33778284,0.0009145865333266556,pager
16.26260560,0.000914553296752274,heterosis
6.135996651,0.0009096259600482881,dominant
17.14942506,0.0009019228164106607,subadd
10.7421279,0.0008965354645624757,dominant
17.63385810,0.0008959313854575157,pager
15.54438559,0.0008854735060594976,dominant
7.59223585,0.0008836340275593102,superadd
6.42933156,0.0008826407720334828,pager
8.113718833,0.0008797410991974175,pager
18.34275720,0.0008746423409320414,superadd
2.34374897,0.0008724842919036746,pager
2.118451210,0.0008692567935213447,subadd
9.113362964,0.000863985565956682,heterosis
11.73334538,0.0008611289667896926,recessive
4.173353004,0.0008574950625188649,heterosis
5.6036087,0.0008551326463930309,superadd
20.12773808,0.0008546916651539505,subadd
12.16361543,0.0008546780445612967,heterosis
20.8725559,0.000852788332849741,dominant
14.11186687,0.0008409919682890177,recessive
5.20405190,0.0008358459454029799,pager
5.27016216,0.0008337537874467671,underdominant
11.82913318,0.0008322424837388098,heterosis
11.64012547,0.000828253454528749,heterosis
4.139849327,0.0008257916197180748,dominant
18.58912560,0.000825743074528873,underdominant
4.104371100,0.0008247836958616972,subadd
12.29243508,0.0008219929877668619,subadd
18.32316331,0.0008167204796336591,heterosis
19.5413274,0.0008155693649314344,heterosis
8.79445537,0.0008134348900057375,subadd
9.19734922,0.0008094104705378413,dominant
10.37359390,0.0008072745404206216,heterosis
20.52915752,0.000807225878816098,underdominant
12.455837,0.0008030407479964197,superadd
11.23015870,0.0007954876637086272,heterosis
16.63994288,0.0007945692050270736,pager
17.17593679,0.0007933290908113122,pager
16.48309805,0.0007918893825262785,pager
5.48243873,0.0007918275659903884,superadd
19.12099871,0.0007836249424144626,heterosis
8.81533381,0.0007748187053948641,superadd
11.80602690,0.0007733087404631078,pager
10.34564026,0.0007730370271019638,heterosis
18.49576629,0.0007727216579951346,dominant
14.60209302,0.0007685076561756432,subadd
4.25154320,0.0007673424552194774,subadd
14.89144728,0.000763983407523483,superadd
20.45104545,0.0007634794455952942,recessive
14.111731224,0.0007608237210661173,subadd
7.64435490,0.0007601318648084998,subadd
5.19458101,0.0007579937810078263,dominant
11.31869950,0.0007566912681795657,subadd
8.27498831,0.0007462659850716591,dominant
16.49122328,0.0007431679405272007,underdominant
9.95632109,0.0007427174714393914,superadd
6.146092145,0.0007407515658996999,dominant
12.51009455,0.0007404821226373315,dominant
19.10938113,0.0007376691210083663,heterosis
7.108551905,0.0007292935042642057,underdominant
20.44347384,0.0007261051796376705,heterosis
1.196044203,0.0007254071533679962,superadd
13.63381017,0.0007207836024463177,pager
7.81627595,0.0007197721861302853,dominant
4.59367301,0.0007192215416580439,heterosis
2.120686190,0.0007152498001232743,dominant
17.80885275,0.0007099988870322704,superadd
4.24955453,0.0007094027823768556,superadd
3.168919147,0.0007084711687639356,subadd
5.131365603,0.0007078124908730388,superadd
17.61949220,0.0007021354977041483,superadd
14.114108562,0.0006949608796276152,superadd
6.42543493,0.0006923548062331975,subadd
19.6137593,0.0006914013647474349,heterosis
19.33130016,0.000690198561642319,subadd
12.4602897,0.0006889192736707628,heterosis
18.428937,0.0006883744499646127,recessive
14.32293287,0.0006841992144472897,dominant
16.18026364,0.0006839947309345007,recessive
8.88881875,0.0006835631211288273,heterosis
4.145472607,0.0006833372171968222,subadd
19.11319662,0.0006814122316427529,heterosis
5.96470246,0.0006766558508388698,underdominant
1.210136370,0.0006761915283277631,dominant
2.26429948,0.000674436567351222,dominant
14.28931757,0.0006686883862130344,heterosis
13.101836019,0.0006686216802336276,superadd
12.17670172,0.000654327857773751,dominant
4.151605704,0.0006466795457527041,heterosis
2.26803523,0.0006413011578842998,dominant
15.77888044,0.0006376312230713665,dominant
4.104195963,0.0006352103664539754,pager
5.130902356,0.000631925999186933,pager
15.35694378,0.0006307722651399672,dominant
4.86624485,0.0006289260345511138,dominant
8.106351770,0.0006287978030741215,underdominant
5.40619459,0.0006255583721213043,subadd
3.7009590,0.0006248512654565275,subadd
2.11190114,0.0006218246999196708,subadd
16.76301451,0.0006204614765010774,heterosis
14.64167623,0.0006174080772325397,superadd
14.33995983,0.0006163561483845115,heterosis
17.15738648,0.0006142539787106216,subadd
12.5021603,0.0006127295200712979,superadd
15.74210614,0.0006108455127105117,subadd
18.59488038,0.0006094018463045359,recessive
17.83524168,0.0006086343200877309,dominant
10.22393025,0.0006076675490476191,superadd
5.21635713,0.0006024211761541665,subadd
12.5838889,0.0006020229775458574,heterosis
17.7950031,0.0006016211118549109,pager
19.11527613,0.0006009780336171389,heterosis
18.40746561,0.0006007645861245692,heterosis
5.826004,0.0005997315747663379,dominant
2.184336643,0.0005991465295664966,pager
15.106742191,0.000597786798607558,underdominant
18.46526087,0.0005967086763121188,recessive
7.92139090,0.0005962844588793814,pager
14.34559257,0.0005943439900875092,subadd
8.113538195,0.0005934109794907272,subadd
17.65330031,0.0005857510259374976,pager
17.12966504,0.0005850042798556387,heterosis
2.164486694,0.0005839383811689913,subadd
10.88147427,0.0005744369118474424,pager
11.42814995,0.0005733766010962427,heterosis
5.17116112,0.0005682106711901724,pager
2.44094169,0.0005636211717501283,superadd
13.35355353,0.0005592704983428121,underdominant
5.91976714,0.0005568466149270535,underdominant
20.33158920,0.0005562933511100709,heterosis
1.269976585,0.0005519641563296318,heterosis
18.17503805,0.0005432420293800533,subadd
17.16949711,0.000539639382623136,recessive
9.112003273,0.0005368929705582559,dominant
3.10482584,0.0005363294621929526,dominant
14.29607297,0.0005344360833987594,underdominant
4.141650944,0.0005282937781885266,pager
4.152871469,0.0005209450027905405,recessive
20.30975080,0.0005201157764531672,dominant
6.141943429,0.0005159705760888755,heterosis
1.98921317,0.0005121348076499999,superadd
17.53436874,0.0005060497205704451,superadd
1.233604143,0.0005037806113250554,underdominant
13.62840301,0.0005023692501708865,superadd
1.172387820,0.0005014805938117206,superadd
1.219060828,0.0004989674780517817,heterosis
5.132242670,0.0004980747471563518,superadd
5.58633190,0.0004976045456714928,subadd
16.11285402,0.0004957452183589339,subadd
14.33029376,0.0004955119220539927,underdominant
7.89000316,0.0004949380527250469,subadd
8.27719397,0.0004936440382152796,dominant
7.91131624,0.0004919125349260867,dominant
5.18227646,0.0004839212051592767,dominant
4.58799057,0.00048324171802960336,heterosis
13.38364204,0.0004803755728062242,dominant
19.42221526,0.0004792113322764635,subadd
2.233294921,0.00047916467883624136,heterosis
2.37110944,0.00047762010945007205,superadd
10.9428327,0.00047596090007573366,pager
18.77900819,0.00047212146455422044,recessive
10.6250722,0.00047207751777023077,superadd
7.111118405,0.00047030660789459944,pager
9.115884345,0.000467698962893337,superadd
8.44197831,0.0004667799221351743,recessive
9.110171245,0.0004658650723285973,recessive
16.5311209,0.00046508421655744314,subadd
1.62101633,0.0004647304303944111,heterosis
12.4796780,0.0004636030935216695,heterosis
19.43697066,0.0004615171055775136,underdominant
1.125779126,0.00046070650569163263,recessive
6.90990093,0.000458776019513607,underdominant
2.93842989,0.00045861428952775896,subadd
9.91900351,0.00045368753490038216,superadd
16.77774605,0.00045339841744862497,underdominant
11.84319486,0.0004516333865467459,superadd
4.110368660,0.0004503693198785186,subadd
15.19556443,0.00044658672413788736,subadd
10.6447927,0.00044616483501158655,superadd
12.33479687,0.00044451229041442275,pager
1.139165261,0.00043859938159585,dominant
7.84904723,0.00043786593596450984,heterosis
1.189073018,0.0004363901971373707,superadd
20.39641209,0.00043607980478554964,superadd
16.10009365,0.0004355492419563234,underdominant
9.7653216,0.00043507604277692735,superadd
8.54674091,0.0004348584625404328,recessive
6.112415585,0.00043392242514528334,heterosis
15.108503762,0.00043202631059102714,underdominant
18.82970711,0.00042979721911251545,superadd
17.32996823,0.0004296379629522562,pager
5.113671745,0.00042583164758980274,superadd
5.14094480,0.0004257013788446784,superadd
8.121828458,0.0004245141753926873,heterosis
7.142652377,0.0004238302062731236,subadd
14.61334976,0.0004226135497447103,superadd
12.4426109,0.0004220200062263757,heterosis
3.33475597,0.0004203252901788801,pager
7.31868665,0.0004196595400571823,subadd
6.146719904,0.0004152385808993131,pager
4.59720372,0.00041475589387118816,heterosis
6.108759900,0.0004106698033865541,pager
20.24587483,0.00040940564940683544,subadd
4.172455540,0.00040919455932453275,subadd
4.84927320,0.0004071668954566121,superadd
14.3740294,0.0004062918887939304,heterosis
11.16348203,0.0003990612458437681,pager
16.47913557,0.0003988819953519851,heterosis
16.57672858,0.0003980753826908767,heterosis
18.75415321,0.00039528653724119067,pager
15.49051293,0.0003952348488382995,pager
6.61733418,0.000393661146517843,pager
5.102260844,0.0003918982110917568,subadd
18.38693967,0.0003917935537174344,heterosis
4.143696724,0.00039158135768957436,dominant
20.13158649,0.00038931623566895723,superadd
16.69562381,0.00038903020322322845,heterosis
2.6534223,0.0003876647970173508,dominant
19.4906911,0.00038718082942068577,pager
19.32767167,0.0003836546093225479,recessive
4.87254805,0.0003804691950790584,superadd
2.228785469,0.0003777566598728299,underdominant
14.85197315,0.00037704527494497597,recessive
19.15231959,0.00037674212944693863,recessive
10.69719886,0.0003739066014532,dominant
6.64421674,0.0003737435326911509,subadd
16.10907277,0.00037351716309785843,superadd
7.75479984,0.0003731491742655635,superadd
10.14235367,0.00037031841930001974,dominant
19.10629260,0.0003700931556522846,heterosis
2.209643559,0.00036936139804311097,heterosis
9.80691214,0.0003689758596010506,subadd
8.5283558,0.00036447521415539086,heterosis
15.52695474,0.00035765947541221976,superadd
1.86403762,0.0003548019740264863,pager
4.58256217,0.00035474399919621646,underdominant
5.130405995,0.0003514756972435862,superadd
10.10347179,0.0003511068061925471,pager
18.83330063,0.00035023747477680445,dominant
5.107251507,0.0003500550228636712,heterosis
13.38540133,0.0003493329568300396,dominant
5.84589862,0.00034889098606072366,superadd
13.109629964,0.00034743346623145044,dominant
18.40932618,0.0003457022539805621,heterosis
3.33875567,0.0003455525729805231,superadd
5.15984805,0.0003444458416197449,superadd
18.18308781,0.0003422633744776249,subadd
6.56051372,0.00034224760020151734,dominant
5.46972634,0.00034223785041831434,superadd
10.15336389,0.0003372677892912179,pager
17.37172151,0.00033568660728633404,heterosis
5.23200567,0.0003310257743578404,dominant
1.44763874,0.0003283848927821964,superadd
17.76368552,0.00032830823329277337,dominant
10.38240991,0.00032717062276788056,heterosis
15.53510508,0.00032585146254859865,superadd
18.7287995,0.00032284006010740995,dominant
8.8341256,0.00032116807415150106,heterosis
20.13785017,0.00032058320357464254,dominant
18.18132629,0.00031620616209693253,heterosis
16.51742663,0.0003144751244690269,superadd
5.20225394,0.00031337112886831164,dominant
14.20787810,0.00031313803629018366,heterosis
5.48459387,0.00031074226717464626,subadd
19.23126047,0.0003106821095570922,superadd
14.63505023,0.00030847624293528497,superadd
2.261605059,0.00030803089612163603,superadd
9.73753255,0.00030757655622437596,underdominant
4.45588817,0.0003068849619012326,heterosis
17.63972624,0.000306413829093799,superadd
4.145849316,0.000305315712466836,superadd
7.79160217,0.00030514929676428437,superadd
11.26463068,0.00030217814492061734,heterosis
18.13112148,0.0003002689918503165,subadd
5.7600028,0.00029939753585495055,heterosis
18.79102881,0.0002991150540765375,subadd
16.66512130,0.0002985685132443905,pager
2.237076579,0.000297241349471733,subadd
4.60975328,0.0002892652992159128,dominant
17.22863041,0.0002885684953071177,pager
5.90074284,0.00028718082467094064,underdominant
6.100430694,0.00028580657090060413,subadd
16.9123775,0.00028538377955555916,recessive
5.43179321,0.00028478234889917076,subadd
16.41189456,0.00028289129841141403,underdominant
17.66103143,0.0002780091599561274,dominant
12.10892163,0.0002779164642561227,pager
4.105751252,0.00027552066603675485,subadd
12.23551306,0.00027501312433741987,recessive
6.25828298,0.0002716131566558033,dominant
13.78578543,0.00027159260935150087,subadd
11.25419115,0.00026902134413830936,heterosis
14.65197767,0.0002675160358194262,subadd
11.17494336,0.00026704667834565043,dominant
15.41151174,0.00026619413984008133,pager
5.30610781,0.00026394324959255755,recessive
17.58375482,0.00026345555670559406,superadd
10.16229617,0.0002608173817861825,underdominant
14.34795055,0.000260733999311924,dominant
18.30802883,0.00025974924210458994,pager
13.93629242,0.00025932316202670336,dominant
16.19746789,0.0002582894521765411,superadd
20.17491525,0.0002579537685960531,dominant
6.110529849,0.0002552891382947564,heterosis
9.94912112,0.0002551077341195196,dominant
9.45818407,0.00025462458143010736,underdominant
1.134055863,0.0002543143345974386,subadd
14.67094615,0.00025409567751921713,pager
6.91572114,0.00025393100804649293,pager
6.93919177,0.00024930870858952403,superadd
1.227310175,0.0002479046524967998,recessive
8.2162200,0.0002468855818733573,underdominant
14.78276940,0.00024591933470219374,superadd
18.39718500,0.00024241601931862533,heterosis
4.60071571,0.00024058255075942725,heterosis
15.66597080,0.0002377954515395686,subadd
4.15743950,0.00023657127167098224,dominant
2.12702403,0.00023467894061468542,superadd
2.236888101,0.00023159205738920718,subadd
17.54650067,0.00022963405353948474,recessive
5.126179112,0.00022872640693094581,pager
4.175417033,0.00022715129307471216,recessive
20.6706959,0.00022676531807519495,dominant
16.90147941,0.00022472342243418097,underdominant
7.113470552,0.00022204300330486149,heterosis
5.114598768,0.00022135676408652216,dominant
18.81532335,0.0002206200733780861,superadd
9.116336835,0.00021953617397230119,superadd
1.157146429,0.0002187406353186816,heterosis
7.82011542,0.0002180264564231038,heterosis
11.74335868,0.00021795256179757416,subadd
3.78828340,0.00021784000273328274,dominant
18.31283458,0.00021763271070085466,superadd
14.39375963,0.00021638002363033593,superadd
1.168309052,0.00021568943338934332,dominant
8.127627483,0.00021487954654730856,pager
3.146142024,0.00021452241344377398,superadd
3.90761603,0.00021335502970032394,dominant
13.101392327,0.00021331198513507843,superadd
16.65224331,0.0002130963548552245,recessive
10.55776191,0.00021123398619238287,heterosis
3.126077247,0.00020792862051166594,superadd
8.12545199,0.0002079133118968457,subadd
18.28393795,0.00020663462055381387,superadd
14.2396553,0.00020514534844551235,superadd
14.2983701,0.00020511809270828962,heterosis
3.161774150,0.0002048637979896739,superadd
13.103689526,0.0002048614260274917,superadd
14.5161806,0.0002034274220932275,subadd
1.86037783,0.00019944187079090625,recessive
13.98198131,0.00019875928410328925,recessive
8.123798103,0.00019599263032432646,subadd
11.17863149,0.00019518604676704854,dominant
1.114262141,0.0001944619871210307,superadd
17.36638758,0.0001940391375683248,pager
2.132584387,0.00019341401639394462,superadd
18.61355450,0.00019316081306897104,pager
2.3280953,0.00019143895769957453,superadd
12.39282335,0.0001910510763991624,subadd
1.10816077,0.00019091134890913963,superadd
10.94906975,0.0001898474874906242,heterosis
15.28379794,0.00018911399820353836,subadd
8.35191134,0.000188750826055184,underdominant
18.27602539,0.00018790634931065142,superadd
17.90264077,0.0001848935498856008,heterosis
18.48959344,0.00018390944751445204,heterosis
1.79975654,0.00018204397929366678,superadd
10.29807129,0.0001814599963836372,pager
10.76889281,0.00018084804469253868,recessive
19.9626587,0.00017975058290176094,dominant
10.14968047,0.000179607086465694,dominant
5.16525665,0.00017797555483411998,recessive
6.79731040,0.00017212324019055814,subadd
11.83557942,0.0001692564255790785,superadd
17.11922547,0.0001672437647357583,heterosis
9.64144658,0.00016719108680263162,subadd
17.61409079,0.0001659981644479558,dominant
16.39237683,0.0001630452461540699,underdominant
18.48778125,0.00016169347509276122,heterosis
14.86688370,0.00016108933778014034,superadd
1.202592927,0.00015453937521670014,dominant
13.75163935,0.0001543728867545724,subadd
18.46335120,0.00015332532348111272,recessive
17.75835151,0.00015296747733373195,pager
14.79517001,0.00015055204858072102,heterosis
15.54067100,0.0001501760125393048,dominant
18.8970739,0.00014791794819757342,recessive
9.47877518,0.00014664360787719488,dominant
14.2003201,0.00014589825877919793,pager
7.143462523,0.00014177465345710516,subadd
15.105881392,0.00014049492892809212,underdominant
9.72104250,0.00014017760986462235,recessive
1.242503472,0.00014014840417075902,underdominant
10.81106215,0.00013999652583152056,pager
4.37572583,0.00013984428369440138,superadd
5.169321233,0.00013953899906482548,pager
9.104330159,0.00013859781029168516,subadd
9.26134811,0.00013719820708502084,recessive
5.85704965,0.0001370207464788109,heterosis
18.55020542,0.0001369417441310361,pager
16.66007676,0.00013512281293515116,underdominant
10.29068558,0.0001350782549707219,dominant
6.60593460,0.00013453286373987794,recessive
19.36814503,0.00013391549873631448,superadd
15.76573472,0.00013379201118368655,subadd
3.170929151,0.00013114669127389789,superadd
10.13573527,0.00012884769239462912,heterosis
20.50605079,0.0001269673666683957,superadd
10.11848774,0.00012396552483551204,dominant
7.51107544,0.0001229687622981146,heterosis
15.2614595,0.00012251806037966162,subadd
18.74605167,0.00012209049600642174,dominant
5.79417771,0.00012183836224721745,subadd
11.19186891,0.00011740325862774625,dominant
13.110317808,0.00011573095252970234,dominant
1.170272846,0.00011546550376806408,subadd
5.59820127,0.0001147225993918255,subadd
3.55366764,0.00011368932609912008,dominant
14.107040907,0.00011366606486262754,underdominant
10.19202688,0.00011335624731145799,dominant
13.30041935,0.0001084529867512174,superadd
5.160627193,0.00010762945021269843,underdominant
8.47007697,0.00010625860159052536,superadd
10.108684718,0.00010614112397888675,underdominant
12.6248181,0.00010456668678671122,recessive
17.6397008,0.0001039066628436558,pager
15.32368583,0.00010356286657042801,underdominant
14.78975937,0.00010328491771360859,recessive
6.47088525,0.00010246185411233455,dominant
20.40724438,0.00010152323375223204,recessive
19.60490510,0.00010144596308236942,dominant
4.42657588,0.00010080450010718778,heterosis
4.44483576,0.00010022490459959954,subadd
5.7390288,9.910356311593205e-05,heterosis
13.25929592,9.597591997589916e-05,recessive
9.120686892,9.28670124267228e-05,heterosis
3.31435956,8.894319034880027e-05,superadd
14.90730398,8.72836826601997e-05,heterosis
20.11455430,8.618668653070927e-05,underdominant
13.45908402,8.48577547003515e-05,pager
5.131622904,8.484222780680284e-05,superadd
18.56459431,8.218119182856753e-05,underdominant
10.54630361,8.149400673573837e-05,pager
1.24645723,8.069864270510152e-05,subadd
4.160225812,7.888044638093561e-05,superadd
10.31819030,7.87396274972707e-05,heterosis
1.121756064,7.774071127641946e-05,underdominant
15.79960118,7.723941962467507e-05,superadd
18.22656353,7.573553739348426e-05,subadd
2.40941194,7.385361823253334e-05,dominant
6.109163130,7.32855114620179e-05,recessive
2.132053085,7.289042696356773e-05,dominant
1.269194339,7.168656884459779e-05,recessive
4.19475049,6.879548163851723e-05,superadd
12.10659698,6.858774577267468e-05,dominant
20.37942576,6.801210111007094e-05,heterosis
11.84578829,6.787978782085702e-05,superadd
7.25433508,6.705307168886065e-05,heterosis
20.18242572,6.685237167403102e-05,underdominant
5.83664656,6.528294034069404e-05,superadd
6.83546796,6.317188672255725e-05,dominant
1.279784061,6.26998080406338e-05,superadd
18.9639101,6.231746374396607e-05,dominant
11.34767782,6.217788177309558e-05,superadd
10.80926377,6.161717465147376e-05,pager
2.242295147,6.106381624704227e-05,underdominant
5.126941092,5.9602356486720964e-05,recessive
4.152160687,5.9202018746873364e-05,pager
17.88092087,5.8370667829876766e-05,subadd
20.34253238,5.803345993626863e-05,recessive
15.105278495,5.80330342927482e-05,recessive
20.19980163,5.7353623560629785e-05,superadd
2.102590623,5.690616671927273e-05,subadd
6.137536349,5.567578045884147e-05,superadd
11.79724859,5.3796524298377335e-05,dominant
11.66729088,5.181535743759014e-05,superadd
4.63483350,5.097397661302239e-05,heterosis
1.39525726,4.935859760735184e-05,recessive
20.41961729,4.8066423914860934e-05,heterosis
4.18334817,4.799574162461795e-05,heterosis
14.75743131,4.725874896394089e-05,dominant
19.44242059,4.669919508160092e-05,subadd
1.127111339,4.589057425619103e-05,pager
6.80680958,4.5862070692237467e-05,superadd
16.5668549,4.426328814588487e-05,dominant
16.26998565,4.415744842845015e-05,underdominant
1.87002692,4.376038123155013e-05,underdominant
12.14290136,4.334552795626223e-05,superadd
12.36694198,4.3246778659522533e-05,heterosis
15.18276613,4.1563263948773965e-05,recessive
1.137559395,4.10950742661953e-05,superadd
1.166421131,3.767316593439318e-05,underdominant
6.108542723,3.695599298225716e-05,subadd
15.38792335,3.587247192626819e-05,subadd
20.30272233,3.580006159609184e-05,dominant
14.32759800,3.557381933205761e-05,recessive
8.117891141,3.433697565924376e-05,recessive
18.44095324,3.385190575500019e-05,underdominant
15.43782502,3.266908606747165e-05,subadd
14.41747447,3.2378848118241876e-05,dominant
17.69170929,3.1987568945623934e-05,dominant
10.59525508,3.1673102057538927e-05,subadd
20.52736302,3.082909097429365e-05,underdominant
3.50221209,2.9265835109981708e-05,subadd
6.128717887,2.8172173188067973e-05,recessive
12.8030543,2.811894955812022e-05,recessive
17.59202825,2.7432821298134513e-05,underdominant
1.60018120,2.6031124434666708e-05,heterosis
10.10744652,2.5278803150285967e-05,dominant
4.75063210,2.454174136801157e-05,heterosis
17.21501413,2.3761249394738115e-05,superadd
2.238457345,2.324620982108172e-05,underdominant
5.132062383,2.2442953195422888e-05,dominant
8.49397372,2.0660381778725423e-05,superadd
1.109422357,2.0162895452813245e-05,subadd
1.193183589,2.0100822439417243e-05,underdominant
8.832766,1.8411938071949407e-05,superadd
19.35824987,1.768863330653403e-05,superadd
2.181007809,1.6830848835525103e-05,superadd
4.106811686,1.5954590708133765e-05,dominant
17.24191011,1.41384698508773e-05,heterosis
11.27243549,1.351188348053256e-05,superadd
11.68085627,1.3483461771102156e-05,subadd
11.35163191,1.3204594324633945e-05,dominant
7.107759859,1.2313019396970049e-05,heterosis
13.76324816,1.019898809317965e-05,recessive
9.30997957,9.287822649639565e-06,recessive
3.56421275,8.862867616699077e-06,superadd
4.167900633,8.674594937474467e-06,dominant
18.85545129,8.31185570859816e-06,underdominant
20.26578680,6.575118732143892e-06,pager
9.107401582,5.828222128911875e-06,heterosis
8.121650066,5.588712156168185e-06,heterosis
1.126903991,3.923277745343512e-06,dominant
4.94497183,3.5126540751662105e-06,heterosis
6.54679115,2.859188043657923e-06,subadd
16.40583449,2.3279155811906094e-06,underdominant
12.6628374,7.990416861503036e-07,subadd
3.32664772,2.604145379336842e-07,heterosis
